player_id,sim_time_min,heart_rate,accel_value,impact_event,major_event,tier,network_delay_ms,edge_latency_ms
1,0,79,1.62,False,False,2,128.14,2743.32
2,0,83,1.46,False,False,2,72.93,2668.77
3,0,83,1.1,False,False,2,47.95,2619.99
4,0,87,1.71,False,False,2,106.51,2512.66
5,0,82,0.85,False,False,2,97.78,2414.06
6,0,86,1.23,False,False,2,22.85,2390.46
7,0,78,1.17,False,False,2,123.01,2266.76
8,0,91,0.97,False,False,2,58.39,2207.67
9,0,74,1.64,False,False,2,35.91,2170.67
10,0,75,1.18,False,False,2,128.09,2042.11
11,0,80,1.05,False,False,2,66.13,1975.04
12,0,72,1.33,False,False,2,147.67,1826.97
13,0,86,1.62,False,False,2,73.98,1752.46
14,0,91,0.99,False,False,2,48.07,1703.74
15,0,85,1.06,False,False,2,47.98,1655.26
16,0,76,1.72,False,False,2,132.92,1521.58
17,0,78,1.68,False,False,2,45.23,1475.44
18,0,82,0.66,False,False,2,56.04,1418.32
19,0,82,1.76,False,False,2,54.05,1363.41
20,0,71,0.54,False,False,2,110.46,1252.4
21,0,82,1.82,False,False,2,54.41,1197.49
22,0,79,1.59,False,False,2,89.35,1107.72
1,0.38,78,0.6,False,False,2,104.91,0.02
2,0.38,81,1.74,False,False,2,121.47,2934.27
3,0.38,80,0.55,False,False,2,26.19,2907.21
4,0.38,89,1.01,False,False,2,38.44,2868.11
5,0.38,85,0.53,False,False,2,28.41,2839.1
6,0.38,88,1.24,False,False,2,91.32,2743.51
7,0.38,81,0.75,False,False,2,114.69,2627.98
8,0.38,94,1.83,False,False,2,93.52,2533.22
9,0.38,76,1.1,False,False,2,75.57,2455.83
10,0.38,74,1.05,False,False,2,146.56,2308.22
11,0.38,83,0.53,False,False,2,140.28,2167.01
12,0.38,74,1.16,False,False,2,120.86,2044.44
13,0.38,88,1.99,False,False,2,31.16,2012.24
14,0.38,88,1.48,False,False,2,101.67,1909.43
15,0.38,88,1.5,False,False,2,128.44,1778.95
16,0.38,74,0.69,False,False,2,140.32,1637.86
17,0.38,77,1.16,False,False,2,135.64,1500.76
18,0.38,84,0.61,False,False,2,69.38,1430.25
19,0.38,81,1.43,False,False,2,56.2,1373.13
20,0.38,72,1.36,False,False,2,99.55,1272.65
21,0.38,79,1.43,False,False,2,53.76,1217.99
22,0.38,78,1.31,False,False,2,143.26,1074.1
1,0.75,81,1.71,False,False,2,72.68,0.02
2,0.75,83,1.65,False,False,2,106.56,1946.16
3,0.75,77,0.84,False,False,2,128.8,1816.62
4,0.75,91,1.42,False,False,2,133.15,1682.39
5,0.75,87,0.59,False,False,2,92.47,1589.28
6,0.75,89,0.72,False,False,2,91.08,1497.15
7,0.75,78,1.48,False,False,2,96.7,1399.83
8,0.75,95,1.62,False,False,2,82.34,1316.73
9,0.75,73,1.58,False,False,2,139.45,1176.64
10,0.75,75,1.24,False,False,2,143.46,1032.25
11,0.75,83,1.34,False,False,2,145.17,886.42
12,0.75,75,1.58,False,False,2,124.8,760.81
14,0.75,88,0.94,False,False,2,112.79,633.88
15,0.75,87,1.85,False,False,2,73.45,559.88
16,0.75,76,1.21,False,False,2,24.56,534.36
17,0.75,80,0.58,False,False,2,109.32,424.51
18,0.75,81,0.93,False,False,2,93.43,330.47
19,0.75,82,0.84,False,False,2,146.92,182.72
20,0.75,75,1.19,False,False,2,108.18,74.09
21,0.75,82,1.64,False,False,2,73.42,0.01
22,0.75,79,1.32,False,False,2,72.62,2026.38
1,1.12,80,1.89,False,False,2,50.4,973.12
2,1.12,80,1.96,False,False,2,55.72,916.97
3,1.12,75,1.29,False,False,2,127.83,788.3
4,1.12,91,1.8,False,False,2,66.11,721.21
5,1.12,88,1.94,False,False,2,20.56,698.71
6,1.12,89,1.66,False,False,2,145.34,550.95
7,1.12,75,0.95,False,False,2,31.84,517.36
8,1.12,96,1.95,False,False,2,22.93,493.95
9,1.12,73,1.84,False,False,2,77.22,415.99
10,1.12,73,0.93,False,False,2,52.2,362.85
11,1.12,84,0.87,False,False,2,41.76,320.19
12,1.12,78,1.48,False,False,2,37.99,280.7
13,1.12,89,0.55,False,False,2,23.11,255.73
14,1.12,88,1.66,False,False,2,119.36,135.47
15,1.12,87,0.8,False,False,2,134.77,0.01
16,1.12,75,0.65,False,False,2,55.58,1961.46
17,1.12,77,1.47,False,False,2,67.48,1892.89
18,1.12,80,1.45,False,False,2,96.94,1795.24
19,1.12,79,0.7,False,False,2,24.28,1770.22
20,1.12,75,1.36,False,False,2,32.43,1737.2
21,1.12,85,0.64,False,False,2,145.42,1590.66
22,1.12,82,1.09,False,False,2,47.45,1542.07
1,1.5,79,0.82,False,False,2,117.17,423.37
2,1.5,78,0.96,False,False,2,59.14,363.68
3,1.5,77,0.63,False,False,2,46.49,316.56
4,1.5,90,1.74,False,False,2,134.97,180.11
5,1.5,89,0.62,False,False,2,89.12,90.54
6,1.5,86,0.87,False,False,2,30.76,59.04
7,1.5,77,1.11,False,False,2,57.26,0.01
8,1.5,95,1.45,False,False,2,21.48,2170.87
9,1.5,72,1.4,False,False,2,88.57,2081.68
10,1.5,75,0.51,False,False,2,142.4,1937.39
11,1.5,81,0.94,False,False,2,24.96,1911.85
12,1.5,81,1.14,False,False,2,52.59,1858.38
13,1.5,88,0.99,False,False,2,52.75,1804.28
14,1.5,89,1.74,False,False,2,76.4,1727.13
15,1.5,85,1.91,False,False,2,27.62,1699.11
16,1.5,73,1.35,False,False,2,84.94,1613.22
17,1.5,80,0.56,False,False,2,120.98,1491.68
18,1.5,82,1.35,False,False,2,71.19,1419.61
19,1.5,81,1.61,False,False,2,108.24,1310.58
20,1.5,72,1.84,False,False,2,26.43,1282.73
21,1.5,85,1.54,False,False,2,46.85,1235.15
22,1.5,81,0.66,False,False,2,121.56,1112.95
1,1.88,76,1.36,False,False,2,111.29,0.01
2,1.88,78,0.82,False,False,2,40.41,2806.72
3,1.88,79,1.0,False,False,2,90.56,2713.99
4,1.88,91,0.96,False,False,2,64.56,2646.9
5,1.88,92,1.81,False,False,2,124.47,2521.78
6,1.88,87,1.64,False,False,2,148.53,2372.29
7,1.88,75,1.11,False,False,2,99.36,2270.38
8,1.88,98,1.1,False,False,2,143.64,2126.06
9,1.88,72,1.34,False,False,2,45.93,2079.43
10,1.88,75,1.23,False,False,2,52.84,2025.77
11,1.88,79,0.76,False,False,2,42.3,1982.83
12,1.88,84,0.95,False,False,2,145.58,1836.41
13,1.88,87,1.29,False,False,2,72.13,1763.58
14,1.88,89,0.58,False,False,2,76.02,1686.94
15,1.88,85,1.18,False,False,2,121.92,1563.72
17,1.88,82,1.97,False,False,2,38.15,1524.37
18,1.88,80,0.58,False,False,2,104.0,1419.74
19,1.88,82,0.51,False,False,2,76.68,1341.36
20,1.88,72,1.37,False,False,2,137.18,1202.04
21,1.88,83,0.54,False,False,2,60.7,1140.32
22,1.88,81,0.96,False,False,2,52.32,1086.43
1,2.25,79,0.59,False,False,2,84.89,0.01
2,2.25,81,0.82,False,False,2,119.84,2891.54
3,2.25,76,1.85,False,False,2,63.05,2827.6
4,2.25,93,1.65,False,False,2,117.39,2709.45
5,2.25,89,0.96,False,False,2,37.9,2670.95
6,2.25,85,0.95,False,False,2,53.44,2617.09
7,2.25,78,0.66,False,False,2,131.88,2484.32
8,2.25,96,1.75,False,False,2,60.53,2422.97
9,2.25,75,1.09,False,False,2,68.27,2353.81
10,2.25,77,0.53,False,False,2,136.42,2216.4
11,2.25,82,0.64,False,False,2,142.18,2073.77
12,2.25,81,1.16,False,False,2,55.74,2017.31
13,2.25,85,1.51,False,False,2,131.81,1884.06
14,2.25,86,0.85,False,False,2,58.47,1824.79
15,2.25,84,0.63,False,False,2,60.37,1763.69
16,2.25,78,1.85,False,False,2,108.38,1653.96
17,2.25,83,0.76,False,False,2,120.46,1533.02
18,2.25,80,1.12,False,False,2,104.22,1428.23
19,2.25,85,1.92,False,False,2,64.54,1362.99
20,2.25,73,1.93,False,False,2,68.87,1293.35
21,2.25,80,1.7,False,False,2,124.95,1165.2
22,2.25,84,1.56,False,False,2,55.56,1108.71
1,2.62,81,0.83,False,False,2,107.63,0.01
2,2.62,84,1.2,False,False,2,61.22,2913.95
3,2.62,79,1.65,False,False,2,49.63,2863.6
4,2.62,95,1.34,False,False,2,88.23,2774.63
5,2.62,91,1.73,False,False,2,129.84,2644.12
6,2.62,88,1.1,False,False,2,68.38,2574.9
7,2.62,78,1.38,False,False,2,67.66,2506.49
8,2.62,99,1.38,False,False,2,89.5,2415.51
9,2.62,75,1.29,False,False,2,99.5,2313.57
10,2.62,77,1.52,False,False,2,86.11,2226.79
11,2.62,82,1.4,False,False,2,122.0,2103.83
12,2.62,84,1.13,False,False,2,129.12,1973.33
13,2.62,83,1.81,False,False,2,122.67,1849.74
14,2.62,87,0.69,False,False,2,101.29,1747.78
15,2.62,86,1.26,False,False,2,63.49,1683.28
16,2.62,77,0.59,False,False,2,78.61,1602.47
17,2.62,80,1.92,False,False,2,123.59,1478.28
18,2.62,82,1.53,False,False,2,86.33,1391.4
19,2.62,87,0.61,False,False,2,109.67,1281.28
20,2.62,72,1.92,False,False,2,93.54,1186.69
21,2.62,83,1.93,False,False,2,36.49,1149.19
22,2.62,81,0.76,False,False,2,105.97,1042.1
1,3.0,84,1.38,False,False,2,40.68,0.01
2,3.0,81,1.94,False,False,2,106.28,1961.88
3,3.0,76,1.56,False,False,2,39.28,1921.77
4,3.0,93,1.08,False,False,2,30.3,1890.77
5,3.0,89,0.94,False,False,2,66.29,1823.62
6,3.0,88,1.6,False,False,2,105.76,1717.13
7,3.0,81,1.98,False,False,2,149.59,1566.67
8,3.0,98,0.85,False,False,2,140.23,1424.78
9,3.0,78,1.82,False,False,2,125.85,1298.07
10,3.0,78,1.32,False,False,2,42.52,1255.21
11,3.0,79,1.93,False,False,2,103.42,1151.18
12,3.0,85,1.55,False,False,2,47.94,1102.96
13,3.0,85,0.58,False,False,2,84.91,1017.34
14,3.0,86,1.28,False,False,2,136.56,880.26
15,3.0,86,1.93,False,False,2,137.72,742.23
16,3.0,76,1.19,False,False,2,86.51,655.2
17,3.0,83,0.53,False,False,2,140.1,514.46
18,3.0,83,1.15,False,False,2,126.33,387.04
19,3.0,84,1.04,False,False,2,90.02,296.37
20,3.0,72,0.64,False,False,2,110.38,185.12
21,3.0,85,1.85,False,False,2,95.28,89.34
22,3.0,84,0.75,False,False,2,88.48,0.02
1,3.38,85,0.98,False,False,2,22.3,1027.71
2,3.38,84,1.73,False,False,2,144.97,880.58
3,3.38,79,1.48,False,False,2,54.95,824.71
4,3.38,90,1.04,False,False,2,92.81,731.0
5,3.38,88,0.84,False,False,2,97.73,632.61
6,3.38,85,1.46,False,False,2,43.67,588.1
7,3.38,82,0.96,False,False,2,76.66,510.69
8,3.38,96,1.17,False,False,2,35.51,474.71
9,3.38,78,1.21,False,False,2,94.82,378.76
10,3.38,76,1.61,False,False,2,138.14,239.69
11,3.38,78,1.85,False,False,2,46.69,192.43
12,3.38,88,1.71,False,False,2,25.66,165.5
13,3.38,82,1.38,False,False,2,83.93,80.3
14,3.38,84,1.33,False,False,2,79.45,0.02
17,3.38,84,9.26,True,False,1,110.0,0.01
15,3.38,83,0.81,False,False,2,94.63,1939.36
16,3.38,75,1.08,False,False,2,140.31,1798.67
18,3.38,82,1.26,False,False,2,147.58,1538.49
19,3.38,82,1.05,False,False,2,98.85,1438.71
20,3.38,71,0.6,False,False,2,21.66,1416.14
21,3.38,84,1.74,False,False,2,24.52,1391.1
22,3.38,81,0.79,False,False,2,41.53,1348.75
1,3.75,85,1.08,False,False,2,63.34,282.02
2,3.75,82,1.0,False,False,2,80.86,199.71
3,3.75,81,0.97,False,False,2,126.06,73.01
4,3.75,92,1.89,False,False,2,72.4,0.01
5,3.75,91,1.19,False,False,2,141.34,2456.45
6,3.75,87,1.26,False,False,2,140.29,2315.21
7,3.75,83,1.65,False,False,2,29.43,2282.43
8,3.75,93,1.32,False,False,2,91.52,2189.25
9,3.75,80,1.7,False,False,2,135.3,2052.98
10,3.75,76,1.07,False,False,2,30.05,2022.04
11,3.75,79,1.42,False,False,2,58.43,1962.01
12,3.75,90,1.35,False,False,2,57.19,1902.39
13,3.75,81,1.01,False,False,2,50.44,1850.01
14,3.75,84,1.5,False,False,2,47.54,1801.7
15,3.75,83,1.1,False,False,2,60.21,1740.46
16,3.75,72,1.02,False,False,2,87.19,1652.37
17,3.75,84,0.67,False,False,2,131.59,1520.04
18,3.75,84,1.87,False,False,2,98.22,1420.12
19,3.75,81,1.47,False,False,2,93.73,1325.7
20,3.75,69,1.64,False,False,2,37.58,1287.1
21,3.75,83,0.82,False,False,2,115.74,1170.64
22,3.75,83,1.14,False,False,2,94.73,1075.07
1,4.12,82,0.65,False,False,2,73.91,0.01
2,4.12,79,1.67,False,False,2,118.03,2660.69
3,4.12,79,1.45,False,False,2,90.97,2568.8
4,4.12,95,1.93,False,False,2,23.61,2544.43
5,4.12,92,0.85,False,False,2,36.1,2507.74
6,4.12,88,0.69,False,False,2,117.17,2389.78
7,4.12,84,0.79,False,False,2,106.18,2282.38
8,4.12,91,1.89,False,False,2,42.99,2237.59
9,4.12,79,1.26,False,False,2,32.86,2203.54
10,4.12,73,1.44,False,False,2,93.06,2109.8
11,4.12,76,1.14,False,False,2,32.88,2076.07
12,4.12,89,0.6,False,False,2,120.42,1954.47
13,4.12,84,1.4,False,False,2,137.1,1816.56
14,4.12,83,0.69,False,False,2,28.85,1786.87
15,4.12,86,1.6,False,False,2,75.27,1710.74
16,4.12,69,1.73,False,False,2,116.6,1593.34
17,4.12,82,1.88,False,False,2,53.0,1538.93
18,4.12,87,1.51,False,False,2,147.68,1390.04
19,4.12,78,1.68,False,False,2,67.23,1321.99
20,4.12,72,1.21,False,False,2,111.62,1209.47
21,4.12,80,0.61,False,False,2,58.89,1149.83
22,4.12,84,0.51,False,False,2,89.82,1058.99
1,4.5,85,0.58,False,False,2,57.75,0.02
2,4.5,81,1.15,False,False,2,60.68,3047.44
3,4.5,79,1.12,False,False,2,144.8,2901.86
4,4.5,98,0.56,False,False,2,108.49,2791.46
5,4.5,94,1.89,False,False,2,116.82,2673.94
6,4.5,91,1.97,False,False,2,42.55,2630.44
7,4.5,81,1.17,False,False,2,45.69,2583.91
8,4.5,91,0.84,False,False,2,143.85,2439.39
9,4.5,76,0.83,False,False,2,120.23,2318.72
10,4.5,71,1.87,False,False,2,89.53,2228.26
11,4.5,78,1.01,False,False,2,147.37,2080.35
12,4.5,92,1.63,False,False,2,138.05,1941.31
13,4.5,81,1.99,False,False,2,78.49,1861.75
15,4.5,86,0.57,False,False,2,77.7,1782.33
16,4.5,69,1.79,False,False,2,144.38,1636.7
17,4.5,79,1.11,False,False,2,43.04,1593.15
18,4.5,90,0.8,False,False,2,77.25,1515.08
19,4.5,80,1.15,False,False,2,120.31,1393.51
20,4.5,69,1.56,False,False,2,100.93,1291.98
21,4.5,79,1.23,False,False,2,88.63,1201.69
22,4.5,85,1.06,False,False,2,67.65,1133.55
1,4.88,88,1.52,False,False,2,132.78,0.01
2,4.88,84,1.66,False,False,2,37.8,2615.84
3,4.88,77,1.63,False,False,2,70.45,2544.94
4,4.88,95,1.93,False,False,2,142.55,2401.77
5,4.88,92,1.68,False,False,2,100.14,2300.82
6,4.88,88,1.23,False,False,2,61.32,2234.39
7,4.88,83,0.8,False,False,2,82.7,2150.74
8,4.88,89,1.01,False,False,2,75.99,2073.7
9,4.88,76,0.61,False,False,2,83.26,1989.97
10,4.88,68,1.73,False,False,2,91.36,1897.98
11,4.88,77,0.84,False,False,2,60.61,1835.71
12,4.88,95,1.2,False,False,2,68.17,1766.23
13,4.88,81,1.38,False,False,2,110.29,1654.6
15,4.88,88,0.69,False,False,2,51.87,1601.81
16,4.88,68,1.54,False,False,2,22.48,1578.77
17,4.88,78,1.37,False,False,2,26.81,1551.21
18,4.88,88,1.57,False,False,2,25.74,1524.69
19,4.88,78,0.7,False,False,2,87.78,1436.19
20,4.88,66,1.05,False,False,2,126.8,1308.72
21,4.88,79,1.21,False,False,2,130.67,1177.66
22,4.88,83,1.71,False,False,2,118.21,1058.84
1,5.25,91,1.66,False,False,2,55.27,0.01
2,5.25,81,1.98,False,False,2,125.0,1902.0
3,5.25,75,0.51,False,False,2,142.59,1759.03
4,5.25,97,0.67,False,False,2,115.09,1642.44
5,5.25,94,0.75,False,False,2,100.43,1541.05
6,5.25,88,1.21,False,False,2,94.06,1444.55
7,5.25,81,0.57,False,False,2,140.71,1300.76
8,5.25,91,1.0,False,False,2,100.08,1199.98
9,5.25,78,1.03,False,False,2,132.4,1066.67
10,5.25,66,1.95,False,False,2,128.44,937.87
11,5.25,78,1.33,False,False,2,28.22,909.14
12,5.25,95,0.8,False,False,2,108.28,799.9
13,5.25,80,0.97,False,False,2,61.01,736.43
14,5.25,83,1.75,False,False,2,62.42,672.97
15,5.25,86,1.11,False,False,2,100.05,571.82
16,5.25,67,1.65,False,False,2,144.1,426.99
17,5.25,81,0.5,False,False,2,84.99,341.26
19,5.25,79,0.65,False,False,2,72.74,267.2
20,5.25,68,0.74,False,False,2,145.74,117.62
21,5.25,82,1.51,False,False,2,116.8,0.02
22,5.25,83,1.86,False,False,2,127.28,1898.24
1,5.62,92,1.47,False,False,2,145.55,751.85
2,5.62,82,1.68,False,False,2,124.55,626.21
3,5.62,76,1.37,False,False,2,64.84,560.7
4,5.62,98,1.57,False,False,2,107.51,452.55
5,5.62,93,1.7,False,False,2,102.45,349.35
6,5.62,86,1.46,False,False,2,86.48,262.05
7,5.62,79,1.03,False,False,2,74.78,185.96
8,5.62,89,1.31,False,False,2,44.82,139.42
9,5.62,76,0.67,False,False,2,138.06,0.02
10,5.62,69,1.2,False,False,2,139.87,2137.49
11,5.62,79,1.47,False,False,2,77.73,2059.02
12,5.62,97,1.66,False,False,2,124.74,1933.34
13,5.62,81,0.73,False,False,2,61.54,1869.78
14,5.62,81,1.34,False,False,2,80.92,1788.36
15,5.62,87,0.85,False,False,2,53.43,1730.07
16,5.62,67,1.05,False,False,2,81.68,1647.68
17,5.62,78,0.78,False,False,2,90.6,1556.45
18,5.62,87,1.73,False,False,2,62.09,1493.29
19,5.62,76,1.61,False,False,2,106.26,1385.9
20,5.62,70,0.6,False,False,2,60.53,1324.8
21,5.62,85,1.5,False,False,2,144.96,1177.78
22,5.62,83,0.82,False,False,2,106.37,1070.69
1,6.0,92,1.66,False,False,2,69.07,0.02
2,6.0,80,0.67,False,False,2,51.95,2746.03
3,6.0,73,1.51,False,False,2,146.09,2596.53
4,6.0,97,1.68,False,False,2,71.27,2524.33
5,6.0,95,0.88,False,False,2,48.34,2475.41
6,6.0,86,0.73,False,False,2,82.58,2391.4
7,6.0,79,0.96,False,False,2,97.28,2293.53
8,6.0,91,0.74,False,False,2,74.03,2218.98
9,6.0,78,1.72,False,False,2,76.94,2140.92
10,6.0,70,1.98,False,False,2,103.4,2035.98
11,6.0,76,0.77,False,False,2,92.97,1940.8
12,6.0,95,1.22,False,False,2,46.82,1893.26
13,6.0,83,0.86,False,False,2,83.09,1809.28
15,6.0,86,1.46,False,False,2,149.12,1659.2
16,6.0,69,1.87,False,False,2,38.0,1620.28
17,6.0,78,0.93,False,False,2,61.11,1558.22
18,6.0,88,0.75,False,False,2,84.45,1473.04
19,6.0,77,1.85,False,False,2,145.16,1327.45
20,6.0,71,0.68,False,False,2,121.78,1205.06
21,6.0,84,0.86,False,False,2,40.49,1163.53
22,6.0,83,1.32,False,False,2,20.67,1142.12
1,6.38,89,1.64,False,False,2,140.78,0.01
2,6.38,82,1.31,False,False,2,85.07,2822.72
3,6.38,72,1.78,False,False,2,92.76,2729.21
4,6.38,100,1.7,False,False,2,64.97,2663.49
5,6.38,96,1.8,False,False,2,123.41,2539.55
6,6.38,85,0.72,False,False,2,107.92,2430.92
7,6.38,77,0.69,False,False,2,32.17,2396.92
8,6.38,89,0.78,False,False,2,126.02,2269.23
9,6.38,81,0.76,False,False,2,81.42,2187.06
10,6.38,72,0.5,False,False,2,119.49,2066.78
11,6.38,78,1.82,False,False,2,36.51,2026.75
12,6.38,93,1.94,False,False,2,41.06,1985.03
13,6.38,86,1.17,False,False,2,109.36,1874.71
14,6.38,81,1.36,False,False,2,32.33,1841.58
15,6.38,89,1.67,False,False,2,65.35,1775.64
16,6.38,69,1.69,False,False,2,71.84,1702.14
17,6.38,78,0.58,False,False,2,104.96,1596.56
18,6.38,90,1.16,False,False,2,55.0,1540.24
19,6.38,74,1.15,False,False,2,119.73,1419.6
20,6.38,72,1.53,False,False,2,107.46,1309.08
21,6.38,86,1.06,False,False,2,130.23,1178.55
22,6.38,83,1.74,False,False,2,100.75,1077.49
1,6.75,89,1.83,False,False,2,74.26,0.01
2,6.75,83,1.92,False,False,2,77.61,2291.82
3,6.75,74,1.94,False,False,2,27.26,2263.82
4,6.75,97,1.7,False,False,2,29.77,2233.27
5,6.75,93,1.25,False,False,2,77.51,2155.2
6,6.75,85,1.72,False,False,2,22.74,2131.91
7,6.75,74,0.98,False,False,2,144.5,1986.39
8,6.75,91,0.78,False,False,2,36.42,1949.45
9,6.75,79,1.23,False,False,2,54.39,1894.62
10,6.75,69,0.54,False,False,2,39.44,1854.71
11,6.75,77,0.73,False,False,2,149.87,1704.11
12,6.75,91,1.95,False,False,2,56.63,1646.25
13,6.75,85,1.81,False,False,2,62.54,1583.26
14,6.75,83,0.6,False,False,2,71.99,1510.57
15,6.75,91,1.73,False,False,2,60.06,1448.46
16,6.75,70,1.57,False,False,2,24.45,1423.25
17,6.75,76,1.46,False,False,2,142.54,1280.14
18,6.75,89,1.92,False,False,2,20.06,1258.1
19,6.75,72,1.83,False,False,2,51.64,1205.91
20,6.75,70,0.61,False,False,2,77.39,1127.7
21,6.75,83,1.71,False,False,2,37.49,1089.41
22,6.75,84,1.19,False,False,2,31.26,1057.45
1,7.12,88,0.64,False,False,2,56.16,0.02
2,7.12,82,1.6,False,False,2,30.92,2709.45
3,7.12,77,1.24,False,False,2,112.71,2596.21
4,7.12,94,0.89,False,False,2,93.93,2501.71
5,7.12,94,1.54,False,False,2,138.08,2362.33
6,7.12,87,1.62,False,False,2,135.06,2226.33
8,7.12,91,0.67,False,False,2,148.14,2076.84
9,7.12,80,0.96,False,False,2,50.05,2026.34
10,7.12,72,1.37,False,False,2,38.24,1987.05
11,7.12,75,1.18,False,False,2,121.22,1864.62
12,7.12,88,0.97,False,False,2,74.56,1789.32
13,7.12,88,0.93,False,False,2,34.2,1754.68
14,7.12,81,0.85,False,False,2,94.78,1659.63
15,7.12,89,1.18,False,False,2,81.49,1576.58
16,7.12,72,0.55,False,False,2,133.66,1442.02
17,7.12,75,1.18,False,False,2,117.59,1323.94
18,7.12,86,1.05,False,False,2,60.13,1263.02
19,7.12,69,0.77,False,False,2,51.78,1210.4
20,7.12,71,1.5,False,False,2,34.57,1175.28
21,7.12,84,0.96,False,False,2,55.89,1118.82
22,7.12,85,0.66,False,False,2,39.25,1078.29
1,7.5,89,0.85,False,False,2,77.61,0.01
2,7.5,80,1.74,False,False,2,126.72,2847.29
3,7.5,80,0.92,False,False,2,87.67,2758.96
4,7.5,95,1.32,False,False,2,26.76,2729.46
5,7.5,97,0.54,False,False,2,118.43,2609.85
6,7.5,84,1.94,False,False,2,96.8,2510.92
7,7.5,76,0.95,False,False,2,139.82,2370.15
8,7.5,91,1.6,False,False,2,29.58,2339.66
9,7.5,77,1.83,False,False,2,140.0,2198.5
10,7.5,73,0.96,False,False,2,61.96,2135.86
11,7.5,75,1.2,False,False,2,144.12,1991.08
12,7.5,86,0.88,False,False,2,62.38,1926.01
13,7.5,85,0.5,False,False,2,138.52,1787.0
14,7.5,82,1.7,False,False,2,49.99,1735.67
15,7.5,92,1.98,False,False,2,129.19,1605.69
16,7.5,75,0.71,False,False,2,68.35,1536.47
17,7.5,72,1.48,False,False,2,107.2,1428.58
18,7.5,83,1.55,False,False,2,62.87,1364.54
19,7.5,68,1.83,False,False,2,61.97,1298.71
20,7.5,73,0.67,False,False,2,121.43,1176.18
21,7.5,82,0.96,False,False,2,59.71,1115.47
22,7.5,86,0.66,False,False,2,20.31,1094.44
1,7.88,89,0.86,False,False,2,93.24,0.01
2,7.88,78,1.93,False,False,2,121.87,2724.13
3,7.88,81,1.46,False,False,2,115.4,2608.02
4,7.88,95,1.16,False,False,2,97.08,2510.48
5,7.88,94,1.26,False,False,2,107.83,2401.31
6,7.88,81,1.77,False,False,2,35.75,2364.5
7,7.88,79,1.01,False,False,2,76.69,2286.93
8,7.88,88,1.54,False,False,2,22.0,2264.12
9,7.88,74,0.78,False,False,2,118.0,2145.37
11,7.88,74,1.87,False,False,2,30.1,2113.85
12,7.88,87,1.83,False,False,2,98.29,2014.71
13,7.88,83,1.38,False,False,2,112.61,1901.38
14,7.88,84,1.11,False,False,2,53.79,1846.85
15,7.88,94,0.96,False,False,2,76.97,1769.25
16,7.88,77,1.37,False,False,2,86.79,1681.66
17,7.88,75,0.64,False,False,2,70.81,1610.29
18,7.88,86,0.52,False,False,2,101.39,1508.32
19,7.88,65,1.89,False,False,2,88.32,1419.27
20,7.88,72,1.3,False,False,2,55.27,1360.28
21,7.88,80,0.82,False,False,2,102.66,1256.82
22,7.88,87,1.4,False,False,2,112.6,1143.03
1,8.25,86,1.47,False,False,2,141.81,0.01
2,8.25,77,1.75,False,False,2,79.65,2612.87
3,8.25,83,1.06,False,False,2,131.9,2479.97
4,8.25,94,1.37,False,False,2,88.09,2390.92
5,8.25,94,0.74,False,False,2,21.48,2366.74
6,8.25,80,1.48,False,False,2,34.9,2330.81
7,8.25,77,1.63,False,False,2,31.89,2298.38
8,8.25,91,1.85,False,False,2,82.8,2214.72
9,8.25,75,0.55,False,False,2,31.16,2182.69
10,8.25,70,1.55,False,False,2,49.3,2132.63
11,8.25,71,1.41,False,False,2,53.58,2078.67
12,8.25,85,1.86,False,False,2,98.71,1979.42
13,8.25,86,1.3,False,False,2,80.42,1898.37
14,8.25,84,1.0,False,False,2,112.44,1784.34
15,8.25,91,0.92,False,False,2,115.68,1668.2
16,8.25,75,0.96,False,False,2,116.12,1551.19
17,8.25,77,1.46,False,False,2,52.87,1497.63
18,8.25,86,0.69,False,False,2,121.49,1375.59
19,8.25,65,1.86,False,False,2,124.72,1250.3
20,8.25,75,1.63,False,False,2,88.92,1160.71
21,8.25,79,0.76,False,False,2,29.83,1129.81
22,8.25,84,0.88,False,False,2,91.13,1036.22
1,8.62,83,1.32,False,False,2,35.04,0.01
2,8.62,74,1.86,False,False,2,118.59,2779.76
3,8.62,81,1.3,False,False,2,73.55,2705.22
4,8.62,94,0.58,False,False,2,65.91,2637.59
5,8.62,94,0.69,False,False,2,101.27,2535.14
7,8.62,76,0.57,False,False,2,147.77,2384.07
8,8.62,92,1.36,False,False,2,48.33,2334.83
9,8.62,77,0.57,False,False,2,132.25,2201.65
10,8.62,69,1.06,False,False,2,46.83,2153.98
11,8.62,74,1.48,False,False,2,93.38,2058.87
12,8.62,85,0.86,False,False,2,88.9,1968.82
13,8.62,83,1.2,False,False,2,148.18,1820.03
14,8.62,83,1.82,False,False,2,25.03,1793.84
15,8.62,88,0.8,False,False,2,85.79,1707.2
16,8.62,77,1.75,False,False,2,125.34,1581.06
17,8.62,75,1.93,False,False,2,98.95,1480.85
18,8.62,88,1.8,False,False,2,140.18,1340.27
19,8.62,66,1.62,False,False,2,69.53,1270.31
20,8.62,72,0.85,False,False,2,60.18,1209.38
21,8.62,79,1.84,False,False,2,114.03,1094.55
22,8.62,85,1.7,False,False,2,55.95,1037.78
1,9.0,80,0.98,False,False,2,36.22,0.01
2,9.0,77,1.06,False,False,2,41.65,2552.74
3,9.0,81,0.72,False,False,2,87.64,2464.47
4,9.0,96,1.57,False,False,2,105.65,2356.39
5,9.0,96,1.37,False,False,2,127.83,2226.78
6,9.0,85,1.32,False,False,2,79.62,2146.31
7,9.0,74,1.87,False,False,2,25.3,2120.05
8,9.0,93,1.15,False,False,2,54.31,2064.64
9,9.0,79,1.53,False,False,2,48.04,2015.82
10,9.0,70,1.18,False,False,2,84.27,1929.09
11,9.0,77,1.53,False,False,2,41.18,1886.86
12,9.0,85,1.6,False,False,2,37.5,1848.61
13,9.0,80,1.93,False,False,2,55.08,1792.79
14,9.0,81,1.09,False,False,2,59.23,1732.61
15,9.0,88,0.97,False,False,2,136.88,1594.75
16,9.0,74,0.71,False,False,2,86.41,1507.48
17,9.0,76,1.28,False,False,2,23.43,1481.91
18,9.0,90,0.52,False,False,2,67.49,1413.05
19,9.0,67,0.94,False,False,2,36.72,1375.54
20,9.0,74,0.53,False,False,2,117.46,1256.49
21,9.0,80,0.76,False,False,2,120.97,1134.65
22,9.0,87,1.91,False,False,2,65.72,1068.24
1,9.38,83,0.93,False,False,2,66.71,0.01
2,9.38,80,0.73,False,False,2,74.0,2694.3
3,9.38,84,1.0,False,False,2,84.74,2609.16
4,9.38,97,0.75,False,False,2,84.21,2524.49
5,9.38,95,1.97,False,False,2,32.89,2490.92
6,9.38,84,0.97,False,False,2,44.1,2446.24
7,9.38,75,1.32,False,False,2,32.62,2411.71
8,9.38,90,1.16,False,False,2,38.17,2372.58
9,9.38,77,1.14,False,False,2,88.75,2283.09
10,9.38,73,0.56,False,False,2,114.67,2167.29
11,9.38,80,1.91,False,False,2,139.07,2026.02
12,9.38,83,1.71,False,False,2,52.31,1972.74
13,9.38,79,1.01,False,False,2,143.77,1828.35
14,9.38,83,1.43,False,False,2,22.1,1805.78
15,9.38,87,0.7,False,False,2,58.89,1746.01
16,9.38,74,1.47,False,False,2,101.81,1643.52
17,9.38,79,1.58,False,False,2,121.76,1520.94
18,9.38,88,1.96,False,False,2,26.62,1493.83
19,9.38,69,1.79,False,False,2,149.61,1343.59
20,9.38,75,1.71,False,False,2,96.49,1246.3
21,9.38,78,1.23,False,False,2,57.54,1188.18
22,9.38,86,0.88,False,False,2,43.39,1144.19
1,9.75,85,0.7,False,False,2,143.1,0.02
2,9.75,78,1.31,False,False,2,98.85,2738.42
3,9.75,81,0.67,False,False,2,39.0,2697.16
4,9.75,97,1.43,False,False,2,115.93,2580.18
5,9.75,98,1.39,False,False,2,77.25,2501.68
6,9.75,86,0.73,False,False,2,129.37,2371.27
7,9.75,77,0.74,False,False,2,141.33,2229.3
8,9.75,92,1.82,False,False,2,81.97,2146.32
9,9.75,75,1.25,False,False,2,130.86,2014.53
10,9.75,76,1.05,False,False,2,29.78,1984.06
11,9.75,77,0.65,False,False,2,109.95,1873.55
12,9.75,85,1.81,False,False,2,66.22,1806.38
13,9.75,78,1.73,False,False,2,32.78,1772.98
14,9.75,86,0.98,False,False,2,118.71,1651.46
15,9.75,87,1.97,False,False,2,103.24,1547.69
16,9.75,77,0.86,False,False,2,146.48,1400.01
17,9.75,79,1.99,False,False,2,54.82,1344.29
18,9.75,85,1.09,False,False,2,106.99,1236.71
19,9.75,72,1.97,False,False,2,73.71,1161.89
21,9.75,80,0.86,False,False,2,53.13,1107.33
22,9.75,87,1.09,False,False,2,49.92,1056.41
1,10.12,84,0.64,False,False,2,54.93,0.01
2,10.12,75,1.04,False,False,2,77.81,2647.55
3,10.12,79,1.88,False,False,2,117.83,2528.83
4,10.12,98,1.19,False,False,2,71.85,2456.33
5,10.12,101,1.65,False,False,2,66.86,2388.67
6,10.12,89,0.78,False,False,2,45.86,2342.31
7,10.12,77,0.6,False,False,2,108.57,2233.05
8,10.12,91,1.34,False,False,2,105.2,2127.12
9,10.12,76,0.74,False,False,2,101.97,2024.56
10,10.12,75,0.55,False,False,2,128.94,1894.68
11,10.12,74,0.87,False,False,2,91.62,1802.17
12,10.12,82,0.52,False,False,2,59.83,1741.32
13,10.12,75,0.9,False,False,2,123.93,1616.53
14,10.12,88,1.98,False,False,2,24.67,1591.11
15,10.12,88,0.94,False,False,2,50.95,1539.63
16,10.12,79,0.88,False,False,2,67.69,1471.05
17,10.12,80,1.13,False,False,2,65.26,1405.26
18,10.12,88,1.24,False,False,2,71.33,1332.63
19,10.12,75,1.99,False,False,2,107.77,1223.92
20,10.12,72,1.06,False,False,2,45.21,1177.79
21,10.12,79,1.86,False,False,2,32.96,1144.1
22,10.12,85,1.57,False,False,2,79.87,1063.49
1,10.5,87,1.59,False,False,2,62.28,0.02
2,10.5,78,0.87,False,False,2,101.6,2685.33
3,10.5,78,0.53,False,False,2,41.91,2642.35
4,10.5,101,0.89,False,False,2,21.85,2619.77
5,10.5,103,1.63,False,False,2,53.14,2565.74
6,10.5,91,1.54,False,False,2,103.72,2461.25
7,10.5,77,1.65,False,False,2,141.91,2318.56
8,10.5,93,0.87,False,False,2,74.46,2243.37
9,10.5,76,1.31,False,False,2,134.06,2108.18
10,10.5,75,1.64,False,False,2,45.53,2061.83
11,10.5,75,0.67,False,False,2,120.12,1940.93
12,10.5,82,1.21,False,False,2,40.26,1899.6
13,10.5,73,0.94,False,False,2,83.65,1815.39
14,10.5,89,0.69,False,False,2,104.41,1710.29
15,10.5,91,1.65,False,False,2,98.16,1611.59
16,10.5,81,1.12,False,False,2,124.13,1486.84
17,10.5,82,1.4,False,False,2,20.16,1466.01
18,10.5,90,1.49,False,False,2,84.61,1380.64
19,10.5,77,1.81,False,False,2,36.36,1343.73
20,10.5,73,0.63,False,False,2,121.74,1221.02
21,10.5,79,0.86,False,False,2,65.59,1154.87
22,10.5,82,0.87,False,False,2,118.92,1033.68
1,10.88,85,0.58,False,False,2,32.58,0.01
2,10.88,75,1.65,False,False,2,42.82,2744.55
3,10.88,77,0.8,False,False,2,102.85,2639.01
4,10.88,102,1.11,False,False,2,36.79,2601.45
5,10.88,101,1.44,False,False,2,23.61,2576.9
6,10.88,91,1.03,False,False,2,100.83,2475.46
7,10.88,80,1.0,False,False,2,108.29,2366.46
8,10.88,95,1.03,False,False,2,145.51,2220.06
9,10.88,78,1.94,False,False,2,122.54,2096.85
10,10.88,72,0.54,False,False,2,77.39,2018.41
11,10.88,78,1.66,False,False,2,129.96,1887.63
12,10.88,80,1.3,False,False,2,27.95,1856.91
13,10.88,76,1.22,False,False,2,63.03,1792.99
14,10.88,86,0.62,False,False,2,80.75,1711.37
15,10.88,90,1.61,False,False,2,146.94,1563.21
16,10.88,78,1.01,False,False,2,107.06,1455.14
17,10.88,79,1.53,False,False,2,33.96,1420.15
18,10.88,91,1.17,False,False,2,56.16,1362.69
19,10.88,77,1.2,False,False,2,123.4,1237.4
20,10.88,70,1.57,False,False,2,45.13,1191.42
21,10.88,80,0.65,False,False,2,45.18,1145.38
22,10.88,84,1.21,False,False,2,60.4,1084.5
1,11.25,82,1.75,False,False,2,82.49,0.01
2,11.25,77,1.95,False,False,2,44.93,2972.44
3,11.25,76,1.56,False,False,2,62.7,2908.66
4,11.25,101,0.92,False,False,2,120.98,2787.02
5,11.25,99,1.43,False,False,2,26.88,2759.19
6,11.25,92,0.57,False,False,2,70.0,2687.62
7,11.25,77,0.65,False,False,2,124.1,2561.04
8,11.25,92,0.88,False,False,2,145.71,2414.42
9,11.25,79,0.58,False,False,2,51.04,2362.59
10,11.25,75,1.72,False,False,2,113.35,2246.8
11,11.25,76,1.54,False,False,2,139.95,2106.24
12,11.25,81,1.17,False,False,2,47.6,2058.01
13,11.25,79,0.95,False,False,2,71.35,1985.68
14,11.25,87,1.37,False,False,2,101.66,1883.03
15,11.25,92,1.38,False,False,2,41.18,1839.76
16,11.25,77,1.17,False,False,2,102.58,1736.31
17,11.25,81,0.7,False,False,2,58.93,1676.57
18,11.25,93,1.79,False,False,2,144.94,1530.86
19,11.25,76,0.59,False,False,2,76.3,1453.73
20,11.25,69,0.76,False,False,2,90.05,1362.72
21,11.25,82,0.98,False,False,2,144.7,1215.92
22,11.25,82,1.54,False,False,2,83.21,1131.81
1,11.62,85,0.56,False,False,2,130.96,0.02
2,11.62,76,1.2,False,False,2,89.58,1990.37
3,11.62,76,0.9,False,False,2,51.61,1937.97
4,11.62,100,1.12,False,False,2,140.52,1796.5
5,11.62,96,1.88,False,False,2,120.11,1675.62
6,11.62,94,0.71,False,False,2,68.91,1605.89
7,11.62,80,0.72,False,False,2,109.81,1495.45
8,11.62,95,1.65,False,False,2,125.92,1368.13
9,11.62,81,1.67,False,False,2,116.73,1250.65
10,11.62,72,1.22,False,False,2,115.4,1133.71
11,11.62,75,0.77,False,False,2,126.17,1005.97
12,11.62,84,0.63,False,False,2,41.4,961.24
13,11.62,81,1.97,False,False,2,133.13,827.08
14,11.62,84,1.27,False,False,2,55.34,770.52
15,11.62,91,1.25,False,False,2,65.84,703.69
16,11.62,76,0.87,False,False,2,120.16,583.02
17,11.62,81,0.97,False,False,2,146.13,435.94
18,11.62,91,0.53,False,False,2,38.31,396.92
19,11.62,77,1.79,False,False,2,84.92,311.1
20,11.62,67,1.06,False,False,2,82.9,227.65
21,11.62,82,1.55,False,False,2,120.25,105.13
22,11.62,81,1.77,False,False,2,104.25,0.02
1,12.0,85,0.59,False,False,2,82.24,919.67
2,12.0,78,1.1,False,False,2,20.42,898.54
3,12.0,79,1.44,False,False,2,47.79,850.18
4,12.0,102,1.61,False,False,2,116.18,733.17
5,12.0,93,1.42,False,False,2,94.05,638.05
6,12.0,95,1.94,False,False,2,50.4,586.32
7,12.0,79,1.58,False,False,2,89.24,496.07
8,12.0,94,1.29,False,False,2,126.94,366.91
9,12.0,84,1.36,False,False,2,70.1,295.65
10,12.0,75,1.01,False,False,2,112.36,182.58
11,12.0,76,1.34,False,False,2,124.77,57.21
12,12.0,87,1.89,False,False,2,55.27,0.02
13,12.0,80,1.49,False,False,2,138.96,1881.98
14,12.0,87,1.11,False,False,2,35.59,1845.3
15,12.0,89,0.55,False,False,2,58.55,1785.88
16,12.0,78,0.91,False,False,2,20.27,1764.35
17,12.0,83,1.79,False,False,2,42.07,1721.68
18,12.0,94,1.47,False,False,2,114.92,1605.96
19,12.0,80,1.63,False,False,2,36.76,1568.4
20,12.0,69,1.14,False,False,2,73.79,1493.47
21,12.0,79,1.11,False,False,2,112.94,1379.65
22,12.0,83,0.97,False,False,2,43.04,1335.16
1,12.38,85,0.77,False,False,2,108.0,226.13
2,12.38,80,0.76,False,False,2,22.79,202.29
3,12.38,79,0.85,False,False,2,100.68,100.46
4,12.38,99,0.88,False,False,2,99.84,0.02
5,12.38,93,1.14,False,False,2,95.56,2655.98
6,12.38,94,0.64,False,False,2,143.62,2511.68
7,12.38,76,1.33,False,False,2,103.0,2406.75
8,12.38,91,0.52,False,False,2,25.24,2380.65
9,12.38,84,1.24,False,False,2,71.52,2308.45
10,12.38,77,1.85,False,False,2,87.07,2220.9
11,12.38,75,0.93,False,False,2,58.34,2161.82
12,12.38,88,1.14,False,False,2,131.91,2028.73
13,12.38,82,1.13,False,False,2,53.6,1974.0
14,12.38,86,1.78,False,False,2,141.36,1831.68
15,12.38,92,0.53,False,False,2,71.73,1758.77
16,12.38,78,1.85,False,False,2,141.54,1616.62
17,12.38,81,1.76,False,False,2,41.82,1573.96
18,12.38,91,1.07,False,False,2,142.22,1430.98
19,12.38,78,0.91,False,False,2,117.59,1312.55
20,12.38,72,1.17,False,False,2,65.93,1245.75
21,12.38,82,0.7,False,False,2,92.93,1151.77
22,12.38,83,0.69,False,False,2,124.21,1026.7
1,12.75,84,1.72,False,False,2,25.49,0.02
2,12.75,81,0.73,False,False,2,53.14,1955.38
3,12.75,77,0.67,False,False,2,66.72,1887.95
4,12.75,101,1.38,False,False,2,28.94,1856.9
5,12.75,96,0.86,False,False,2,107.25,1748.39
6,12.75,93,0.57,False,False,2,104.76,1642.91
7,12.75,75,0.81,False,False,2,147.51,1494.55
8,12.75,93,0.61,False,False,2,97.68,1394.7
9,12.75,87,1.4,False,False,2,83.33,1310.45
10,12.75,75,1.62,False,False,2,147.28,1162.53
11,12.75,73,0.87,False,False,2,132.38,1029.23
12,12.75,91,1.51,False,False,2,132.23,896.39
13,12.75,80,0.94,False,False,2,87.77,808.23
14,12.75,84,0.91,False,False,2,56.12,751.3
15,12.75,89,1.08,False,False,2,85.71,664.64
16,12.75,78,0.67,False,False,2,146.46,517.28
17,12.75,80,1.74,False,False,2,70.6,445.07
18,12.75,91,0.9,False,False,2,111.23,331.59
19,12.75,77,1.04,False,False,2,61.76,267.75
20,12.75,75,1.85,False,False,2,144.09,123.01
21,12.75,80,1.34,False,False,2,121.78,0.01
22,12.75,86,1.96,False,False,2,48.08,1978.81
1,13.12,84,1.03,False,False,2,49.08,928.73
2,13.12,83,0.68,False,False,2,113.3,814.51
3,13.12,75,1.71,False,False,2,39.94,773.58
4,13.12,102,0.58,False,False,2,35.34,737.24
5,13.12,95,1.87,False,False,2,126.25,610.37
6,13.12,91,1.38,False,False,2,101.1,508.85
7,13.12,73,1.87,False,False,2,69.48,438.48
8,13.12,95,0.8,False,False,2,58.16,379.48
9,13.12,86,1.08,False,False,2,62.92,315.88
10,13.12,77,0.51,False,False,2,59.85,255.11
11,13.12,73,1.73,False,False,2,21.8,232.24
12,13.12,88,0.68,False,False,2,123.87,107.71
13,13.12,79,0.83,False,False,2,106.92,0.01
14,13.12,82,1.69,False,False,2,66.38,2044.64
15,13.12,90,0.74,False,False,2,55.39,1988.67
16,13.12,76,1.08,False,False,2,69.13,1917.33
17,13.12,78,1.47,False,False,2,110.96,1805.7
18,13.12,92,1.32,False,False,2,51.71,1752.08
19,13.12,75,1.96,False,False,2,97.87,1653.28
20,13.12,77,1.36,False,False,2,116.09,1536.5
21,13.12,81,1.2,False,False,2,139.37,1396.36
22,13.12,86,1.36,False,False,2,43.79,1351.81
1,13.5,87,1.74,False,False,2,122.19,228.25
2,13.5,80,1.52,False,False,2,81.46,145.82
3,13.5,77,1.64,False,False,2,145.1,0.02
4,13.5,105,1.04,False,False,2,102.42,2642.06
5,13.5,96,1.62,False,False,2,112.26,2528.68
6,13.5,91,1.05,False,False,2,84.05,2444.16
7,13.5,75,1.97,False,False,2,56.13,2386.57
8,13.5,94,0.9,False,False,2,90.67,2293.45
9,13.5,83,1.33,False,False,2,123.86,2169.15
10,13.5,77,1.85,False,False,2,20.94,2147.63
11,13.5,71,1.47,False,False,2,98.67,2048.2
12,13.5,88,1.89,False,False,2,133.17,1913.93
13,13.5,79,1.83,False,False,2,109.61,1803.05
14,13.5,85,1.69,False,False,2,39.18,1762.96
15,13.5,91,1.04,False,False,2,42.27,1719.75
16,13.5,76,1.16,False,False,2,104.54,1614.46
17,13.5,77,1.26,False,False,2,56.08,1557.01
18,13.5,94,1.92,False,False,2,109.35,1446.34
19,13.5,75,0.99,False,False,2,60.62,1384.08
20,13.5,79,0.62,False,False,2,142.09,1240.29
21,13.5,80,1.86,False,False,2,54.32,1185.34
22,13.5,85,0.97,False,False,2,108.76,1075.82
1,13.88,88,1.91,False,False,2,74.33,0.01
2,13.88,82,0.55,False,False,2,26.36,2786.06
3,13.88,80,1.72,False,False,2,47.17,2738.4
4,13.88,104,1.16,False,False,2,96.18,2641.4
5,13.88,99,1.2,False,False,2,30.8,2609.86
6,13.88,89,1.68,False,False,2,120.89,2488.43
7,13.88,76,1.78,False,False,2,124.11,2363.58
8,13.88,94,0.84,False,False,2,80.48,2281.57
9,13.88,82,0.93,False,False,2,57.18,2222.5
10,13.88,80,1.62,False,False,2,129.1,2092.66
11,13.88,69,0.93,False,False,2,42.32,2049.61
12,13.88,88,1.63,False,False,2,22.15,2026.62
13,13.88,81,1.31,False,False,2,141.8,1882.38
14,13.88,84,0.56,False,False,2,79.6,1802.25
15,13.88,94,0.92,False,False,2,30.61,1770.93
16,13.88,73,0.76,False,False,2,80.71,1689.22
17,13.88,80,1.26,False,False,2,121.18,1566.67
18,13.88,91,1.68,False,False,2,107.74,1458.13
19,13.88,76,1.99,False,False,2,103.72,1353.6
20,13.88,76,1.06,False,False,2,67.04,1285.58
21,13.88,81,1.7,False,False,2,23.48,1260.95
22,13.88,85,1.17,False,False,2,131.55,1128.28
1,14.25,91,1.31,False,False,2,125.85,0.02
2,14.25,79,0.66,False,False,2,96.38,2664.69
3,14.25,79,1.9,False,False,2,136.13,2527.59
4,14.25,104,0.58,False,False,2,71.17,2455.28
5,14.25,102,1.78,False,False,2,29.99,2424.25
6,14.25,87,0.69,False,False,2,41.95,2381.16
7,14.25,76,1.28,False,False,2,128.52,2252.21
8,14.25,94,1.15,False,False,2,135.88,2115.35
9,14.25,84,1.12,False,False,2,41.14,2073.3
10,14.25,82,1.83,False,False,2,76.68,1993.61
11,14.25,68,1.03,False,False,2,136.82,1855.56
12,14.25,90,1.12,False,False,2,30.49,1824.38
13,14.25,81,0.62,False,False,2,80.64,1743.24
14,14.25,82,1.9,False,False,2,112.57,1630.17
15,14.25,95,1.78,False,False,2,52.38,1577.2
16,14.25,70,0.53,False,False,2,106.65,1470.14
17,14.25,79,1.11,False,False,2,37.21,1432.0
18,14.25,88,1.24,False,False,2,35.01,1396.07
19,14.25,76,1.64,False,False,2,21.63,1373.34
20,14.25,79,1.78,False,False,2,99.05,1273.41
21,14.25,83,0.58,False,False,2,55.1,1216.3
22,14.25,88,0.59,False,False,2,137.1,1078.52
1,14.62,94,0.88,False,False,2,77.45,0.01
2,14.62,77,1.31,False,False,2,115.77,2872.23
3,14.62,81,1.2,False,False,2,59.78,2811.76
4,14.62,104,1.6,False,False,2,56.65,2754.09
5,14.62,101,1.6,False,False,2,87.68,2665.54
6,14.62,85,0.74,False,False,2,47.59,2617.27
7,14.62,79,1.37,False,False,2,94.26,2522.26
8,14.62,92,1.36,False,False,2,131.01,2389.89
9,14.62,81,1.86,False,False,2,101.78,2286.69
10,14.62,79,1.88,False,False,2,122.5,2163.32
11,14.62,68,1.55,False,False,2,145.96,2015.19
12,14.62,88,1.94,False,False,2,129.55,1884.68
13,14.62,79,2.0,False,False,2,99.97,1784.2
14,14.62,81,1.72,False,False,2,61.25,1721.59
15,14.62,96,1.35,False,False,2,50.95,1670.05
16,14.62,70,1.98,False,False,2,55.14,1613.98
17,14.62,76,1.69,False,False,2,59.29,1553.4
18,14.62,91,0.74,False,False,2,140.09,1412.31
19,14.62,74,1.35,False,False,2,114.24,1297.42
20,14.62,81,0.51,False,False,2,78.71,1218.08
21,14.62,82,0.8,False,False,2,57.27,1159.67
22,14.62,85,0.77,False,False,2,51.16,1107.68
1,15.0,93,1.55,False,False,2,106.69,0.02
2,15.0,78,0.72,False,False,2,77.72,2848.13
3,15.0,78,1.3,False,False,2,149.34,2697.84
4,15.0,102,1.33,False,False,2,80.28,2615.8
5,15.0,102,0.91,False,False,2,67.28,2545.77
6,15.0,82,1.67,False,False,2,75.78,2469.3
7,15.0,80,1.49,False,False,2,90.73,2377.96
8,15.0,92,0.54,False,False,2,25.15,2352.25
9,15.0,84,1.45,False,False,2,143.34,2208.38
10,15.0,80,1.36,False,False,2,110.83,2095.81
11,15.0,70,1.64,False,False,2,133.39,1961.63
12,15.0,86,0.64,False,False,2,127.77,1833.37
13,15.0,80,1.99,False,False,2,50.2,1782.61
14,15.0,78,1.82,False,False,2,25.07,1756.67
15,15.0,95,0.83,False,False,2,71.47,1684.27
16,15.0,71,0.73,False,False,2,75.57,1607.81
17,15.0,74,1.92,False,False,2,25.98,1580.82
18,15.0,90,0.84,False,False,2,100.4,1479.49
19,15.0,76,0.56,False,False,2,54.75,1423.77
20,15.0,79,1.63,False,False,2,130.9,1292.02
21,15.0,83,1.16,False,False,2,116.3,1174.4
22,15.0,82,0.79,False,False,2,137.88,1033.75
1,15.38,91,1.18,False,False,2,32.81,0.01
2,15.38,75,0.73,False,False,2,53.28,2873.49
3,15.38,76,0.84,False,False,2,46.88,2825.35
4,15.38,104,1.25,False,False,2,125.82,2698.97
5,15.38,100,0.69,False,False,2,52.34,2646.21
6,15.38,85,0.98,False,False,2,107.16,2538.32
7,15.38,82,0.7,False,False,2,47.38,2490.31
8,15.38,94,0.64,False,False,2,67.58,2422.13
9,15.38,86,1.83,False,False,2,145.91,2275.47
10,15.38,81,0.64,False,False,2,27.81,2246.92
11,15.38,72,0.52,False,False,2,67.24,2178.75
12,15.38,88,1.18,False,False,2,145.65,2032.45
13,15.38,78,0.74,False,False,2,91.74,1940.09
14,15.38,77,0.91,False,False,2,62.85,1876.56
15,15.38,95,1.2,False,False,2,133.81,1742.32
16,15.38,73,1.04,False,False,2,119.37,1622.03
17,15.38,71,1.27,False,False,2,60.9,1560.1
18,15.38,89,1.96,False,False,2,141.69,1417.33
19,15.38,76,1.51,False,False,2,43.82,1371.68
20,15.38,81,1.06,False,False,2,35.75,1333.96
21,15.38,80,1.69,False,False,2,77.41,1255.97
22,15.38,84,0.66,False,False,2,139.18,1115.78
1,15.75,90,1.73,False,False,2,113.29,0.01
2,15.75,77,1.24,False,False,2,36.23,2611.93
3,15.75,79,0.97,False,False,2,77.1,2532.95
4,15.75,101,1.86,False,False,2,113.64,2418.68
5,15.75,100,1.75,False,False,2,53.02,2364.92
6,15.75,83,1.69,False,False,2,29.85,2332.43
7,15.75,82,0.53,False,False,2,114.35,2216.47
8,15.75,91,1.98,False,False,2,52.41,2162.9
9,15.75,85,1.46,False,False,2,90.71,2071.49
10,15.75,81,1.89,False,False,2,42.11,2028.38
11,15.75,69,1.13,False,False,2,40.86,1985.79
12,15.75,86,1.16,False,False,2,35.33,1949.19
13,15.75,81,1.26,False,False,2,44.13,1904.19
14,15.75,77,1.23,False,False,2,79.99,1823.69
15,15.75,97,1.03,False,False,2,138.81,1684.01
16,15.75,71,1.36,False,False,2,114.49,1568.66
17,15.75,73,1.63,False,False,2,92.41,1475.62
18,15.75,89,1.23,False,False,2,35.4,1438.55
19,15.75,76,1.08,False,False,2,33.3,1404.32
20,15.75,79,0.58,False,False,2,74.77,1328.91
21,15.75,81,0.74,False,False,2,99.44,1227.36
22,15.75,81,1.18,False,False,2,86.03,1140.19
1,16.12,91,0.88,False,False,2,139.22,0.02
2,16.12,78,1.57,False,False,2,72.41,2802.02
3,16.12,80,0.81,False,False,2,95.73,2704.83
4,16.12,103,0.64,False,False,2,80.71,2623.1
5,16.12,101,1.73,False,False,2,126.64,2495.53
6,16.12,80,1.91,False,False,2,39.33,2453.66
7,16.12,83,1.39,False,False,2,23.98,2429.06
8,16.12,93,1.49,False,False,2,133.12,2295.06
9,16.12,87,1.17,False,False,2,55.15,2239.08
10,16.12,78,0.64,False,False,2,103.86,2133.0
11,16.12,72,1.54,False,False,2,81.7,2050.43
12,16.12,86,1.44,False,False,2,57.99,1991.66
13,16.12,78,1.36,False,False,2,92.54,1898.28
14,16.12,74,1.85,False,False,2,73.07,1824.38
15,16.12,99,0.9,False,False,2,41.81,1781.22
16,16.12,68,1.66,False,False,2,121.62,1658.93
17,16.12,76,1.59,False,False,2,42.76,1615.23
18,16.12,89,0.77,False,False,2,144.81,1469.48
19,16.12,73,1.05,False,False,2,134.81,1333.7
20,16.12,76,1.86,False,False,2,25.08,1307.89
21,16.12,82,0.64,False,False,2,126.3,1180.77
22,16.12,81,1.03,False,False,2,67.77,1112.09
1,16.5,94,1.39,False,False,2,110.64,0.02
2,16.5,78,1.12,False,False,2,83.56,1971.38
3,16.5,83,0.56,False,False,2,59.66,1909.26
4,16.5,103,1.73,False,False,2,91.52,1817.08
5,16.5,100,1.32,False,False,2,81.06,1735.37
6,16.5,81,0.92,False,False,2,101.47,1632.66
7,16.5,81,1.18,False,False,2,20.97,1610.89
8,16.5,90,1.39,False,False,2,111.29,1499.08
9,16.5,87,1.65,False,False,2,138.59,1359.85
10,16.5,76,1.14,False,False,2,148.31,1210.28
11,16.5,72,1.87,False,False,2,143.34,1065.65
12,16.5,84,0.78,False,False,2,94.44,970.17
13,16.5,77,1.78,False,False,2,54.53,915.07
14,16.5,71,1.16,False,False,2,36.24,878.39
15,16.5,99,0.74,False,False,2,130.47,747.26
16,16.5,69,0.64,False,False,2,61.85,684.58
17,16.5,74,0.94,False,False,2,136.47,546.66
18,16.5,90,1.25,False,False,2,112.46,433.56
19,16.5,70,0.64,False,False,2,104.25,328.72
20,16.5,79,1.44,False,False,2,131.25,194.98
21,16.5,84,1.9,False,False,2,116.79,77.44
22,16.5,83,0.71,False,False,2,76.54,0.01
1,16.88,91,1.71,False,False,2,136.35,873.84
2,16.88,81,1.72,False,False,2,44.13,828.78
3,16.88,82,1.8,False,False,2,134.14,693.42
4,16.88,103,1.13,False,False,2,148.49,544.36
5,16.88,102,1.35,False,False,2,87.44,455.97
6,16.88,80,1.35,False,False,2,118.24,336.99
7,16.88,81,1.9,False,False,2,141.42,194.47
8,16.88,90,1.7,False,False,2,107.16,86.55
9,16.88,89,1.53,False,False,2,27.06,58.58
10,16.88,77,0.89,False,False,2,57.89,0.02
11,16.88,71,1.27,False,False,2,91.98,2160.55
12,16.88,86,1.74,False,False,2,59.73,2100.13
13,16.88,74,1.52,False,False,2,47.56,2051.97
14,16.88,70,1.1,False,False,2,128.49,1922.41
15,16.88,97,1.73,False,False,2,58.98,1862.92
16,16.88,68,1.29,False,False,2,100.19,1761.9
17,16.88,71,0.7,False,False,2,124.44,1636.41
18,16.88,91,1.51,False,False,2,123.42,1511.88
19,16.88,70,0.84,False,False,2,115.56,1395.37
20,16.88,80,1.76,False,False,2,124.85,1269.89
21,16.88,86,0.97,False,False,2,88.51,1180.49
22,16.88,82,0.91,False,False,2,146.29,1033.4
1,17.25,94,1.25,False,False,2,32.31,0.02
2,17.25,82,1.16,False,False,2,23.05,2809.0
3,17.25,85,1.17,False,False,2,134.42,2673.65
4,17.25,101,0.78,False,False,2,32.96,2639.53
5,17.25,102,1.37,False,False,2,27.34,2611.17
6,17.25,79,1.64,False,False,2,120.8,2489.56
7,17.25,83,1.9,False,False,2,58.55,2428.79
8,17.25,89,1.46,False,False,2,129.32,2298.47
9,17.25,91,1.14,False,False,2,107.69,2190.19
10,17.25,79,1.33,False,False,2,119.78,2069.1
11,17.25,68,1.47,False,False,2,31.1,2037.25
12,17.25,88,1.86,False,False,2,66.82,1969.9
13,17.25,75,0.91,False,False,2,43.16,1926.12
14,17.25,70,0.58,False,False,2,79.75,1845.32
15,17.25,95,0.78,False,False,2,62.28,1782.56
16,17.25,68,1.91,False,False,2,114.85,1666.7
17,17.25,69,1.16,False,False,2,89.17,1576.65
18,17.25,90,1.37,False,False,2,133.97,1441.57
19,17.25,67,0.7,False,False,2,112.78,1328.42
20,17.25,77,1.57,False,False,2,92.11,1235.25
21,17.25,89,1.49,False,False,2,44.48,1189.51
22,17.25,84,1.68,False,False,2,64.02,1123.87
1,17.62,93,0.69,False,False,2,122.66,0.01
2,17.62,80,1.8,False,False,2,90.69,2645.94
3,17.62,82,1.5,False,False,2,48.38,2596.95
4,17.62,101,1.82,False,False,2,130.61,2464.04
5,17.62,104,1.35,False,False,2,60.26,2403.2
6,17.62,78,1.68,False,False,2,24.51,2377.72
7,17.62,83,1.41,False,False,2,89.54,2287.35
8,17.62,92,1.25,False,False,2,79.91,2206.94
9,17.62,93,1.38,False,False,2,70.79,2135.29
10,17.62,76,0.94,False,False,2,86.88,2047.82
11,17.62,65,0.96,False,False,2,53.89,1993.05
12,17.62,88,1.28,False,False,2,145.64,1846.7
13,17.62,77,1.56,False,False,2,124.9,1720.74
14,17.62,68,0.87,False,False,2,76.71,1641.92
15,17.62,96,0.9,False,False,2,66.47,1574.54
16,17.62,67,1.1,False,False,2,49.66,1524.2
17,17.62,71,0.58,False,False,2,21.83,1501.4
18,17.62,89,1.74,False,False,2,29.2,1471.3
19,17.62,68,0.99,False,False,2,116.04,1354.51
20,17.62,78,1.58,False,False,2,32.22,1321.63
21,17.62,89,1.65,False,False,2,127.6,1193.47
22,17.62,84,0.53,False,False,2,133.29,1059.6
1,18.0,93,1.61,False,False,2,58.77,0.02
2,18.0,83,0.7,False,False,2,138.93,2880.62
3,18.0,85,1.07,False,False,2,39.09,2840.91
4,18.0,98,1.44,False,False,2,51.71,2788.6
5,18.0,103,0.68,False,False,2,25.9,2762.22
6,18.0,75,0.54,False,False,2,105.62,2655.88
7,18.0,80,1.1,False,False,2,117.03,2538.43
8,18.0,95,1.46,False,False,2,126.61,2409.19
9,18.0,90,1.19,False,False,2,96.28,2312.35
10,18.0,78,0.69,False,False,2,128.2,2183.37
11,18.0,62,1.79,False,False,2,37.46,2145.29
12,18.0,89,1.87,False,False,2,129.88,2014.6
13,18.0,76,0.6,False,False,2,87.11,1926.04
14,18.0,70,1.9,False,False,2,41.77,1881.83
15,18.0,95,1.96,False,False,2,25.2,1855.9
16,18.0,67,1.09,False,False,2,120.05,1734.94
17,18.0,71,1.68,False,False,2,119.49,1613.03
18,18.0,91,0.8,False,False,2,90.48,1521.78
19,18.0,65,1.74,False,False,2,78.6,1442.54
20,18.0,78,1.76,False,False,2,133.16,1308.83
21,18.0,86,1.34,False,False,2,130.28,1177.54
22,18.0,81,0.82,False,False,2,59.22,1117.68
1,18.38,91,1.43,False,False,2,116.28,0.01
2,18.38,84,1.48,False,False,2,48.95,2723.36
3,18.38,83,0.67,False,False,2,77.87,2644.58
4,18.38,97,0.76,False,False,2,142.11,2501.62
5,18.38,104,1.26,False,False,2,68.28,2431.91
6,18.38,77,1.31,False,False,2,50.32,2380.36
7,18.38,82,1.18,False,False,2,118.21,2260.21
8,18.38,92,0.92,False,False,2,122.3,2136.68
9,18.38,88,0.85,False,False,2,80.98,2053.65
10,18.38,78,0.81,False,False,2,27.8,2024.68
11,18.38,64,1.21,False,False,2,57.19,1966.8
12,18.38,91,0.62,False,False,2,52.67,1912.23
13,18.38,78,0.5,False,False,2,122.4,1789.03
14,18.38,68,1.75,False,False,2,39.25,1748.72
15,18.38,97,1.94,False,False,2,35.19,1712.94
16,18.38,65,1.15,False,False,2,112.68,1599.55
17,18.38,68,0.65,False,False,2,76.4,1521.71
18,18.38,93,1.77,False,False,2,81.83,1438.8
19,18.38,64,0.89,False,False,2,95.89,1342.22
20,18.38,75,1.17,False,False,2,77.03,1264.55
21,18.38,88,1.57,False,False,2,93.92,1170.11
22,18.38,80,0.83,False,False,2,115.34,1053.69
1,18.75,92,0.6,False,False,2,52.58,0.02
2,18.75,84,1.39,False,False,2,41.8,2984.42
3,18.75,81,1.01,False,False,2,59.64,2924.01
4,18.75,99,1.58,False,False,2,145.0,2778.31
5,18.75,103,1.28,False,False,2,114.92,2662.37
6,18.75,77,1.87,False,False,2,109.83,2551.83
8,18.75,91,1.35,False,False,2,95.15,2455.42
9,18.75,87,1.95,False,False,2,105.02,2349.83
10,18.75,79,0.84,False,False,2,76.28,2272.46
11,18.75,67,0.51,False,False,2,89.19,2182.49
12,18.75,90,0.87,False,False,2,102.82,2078.83
13,18.75,75,1.12,False,False,2,128.51,1948.84
14,18.75,69,1.98,False,False,2,72.24,1875.4
15,18.75,100,1.49,False,False,2,99.99,1774.56
16,18.75,62,1.8,False,False,2,70.43,1703.57
17,18.75,69,1.11,False,False,2,81.7,1620.57
18,18.75,94,0.7,False,False,2,111.45,1508.32
19,18.75,66,1.79,False,False,2,59.36,1448.46
20,18.75,75,1.19,False,False,2,125.7,1321.99
21,18.75,89,1.35,False,False,2,140.92,1180.42
22,18.75,80,1.63,False,False,2,79.92,1099.62
1,19.12,91,1.89,False,False,2,98.84,0.02
2,19.12,82,1.02,False,False,2,68.78,2639.28
3,19.12,81,1.3,False,False,2,90.54,2548.13
4,19.12,101,1.0,False,False,2,20.68,2527.01
5,19.12,100,1.79,False,False,2,103.03,2423.61
6,19.12,79,1.15,False,False,2,124.13,2298.9
7,19.12,84,1.83,False,False,2,113.19,2185.04
8,19.12,92,1.75,False,False,2,47.1,2136.91
9,19.12,88,0.82,False,False,2,69.12,2065.94
10,19.12,81,1.02,False,False,2,89.47,1975.63
11,19.12,67,0.94,False,False,2,97.32,1877.32
12,19.12,87,0.76,False,False,2,22.34,1854.16
13,19.12,72,1.42,False,False,2,103.03,1750.31
14,19.12,67,0.65,False,False,2,90.28,1659.29
15,19.12,101,0.88,False,False,2,132.36,1526.21
16,19.12,61,1.31,False,False,2,95.01,1430.36
17,19.12,70,1.1,False,False,2,34.36,1395.63
18,19.12,95,1.64,False,False,2,87.81,1307.13
19,19.12,63,1.86,False,False,2,56.29,1249.89
20,19.12,75,1.26,False,False,2,45.89,1203.3
21,19.12,86,1.55,False,False,2,45.91,1156.89
22,19.12,83,1.56,False,False,2,62.42,1093.64
1,19.5,89,1.16,False,False,2,93.1,0.01
2,19.5,80,1.7,False,False,2,53.61,2005.0
3,19.5,81,0.92,False,False,2,149.99,1854.08
4,19.5,101,1.83,False,False,2,126.23,1726.23
5,19.5,100,1.89,False,False,2,90.58,1634.79
6,19.5,82,1.9,False,False,2,144.59,1489.28
7,19.5,87,1.58,False,False,2,141.74,1346.66
8,19.5,91,1.68,False,False,2,85.67,1260.41
9,19.5,90,1.77,False,False,2,66.94,1192.97
10,19.5,78,0.67,False,False,2,139.06,1052.97
11,19.5,70,1.46,False,False,2,96.06,956.24
12,19.5,85,1.81,False,False,2,77.25,878.49
13,19.5,72,1.39,False,False,2,27.8,849.83
14,19.5,65,1.42,False,False,2,116.99,732.11
15,19.5,100,1.13,False,False,2,82.9,648.69
16,19.5,60,1.29,False,False,2,90.03,558.08
17,19.5,70,1.86,False,False,2,102.54,454.38
18,19.5,94,1.09,False,False,2,140.22,313.23
19,19.5,64,1.63,False,False,2,85.38,227.37
20,19.5,74,1.38,False,False,2,105.38,121.29
21,19.5,83,1.07,False,False,2,23.73,97.15
22,19.5,81,1.12,False,False,2,96.15,0.01
1,19.88,91,1.57,False,False,2,129.67,929.65
2,19.88,81,0.54,False,False,2,89.44,838.32
3,19.88,82,1.8,False,False,2,148.9,688.42
4,19.88,100,1.43,False,False,2,121.98,565.36
5,19.88,98,0.51,False,False,2,99.94,464.42
6,19.88,81,1.53,False,False,2,29.33,434.26
7,19.88,90,1.23,False,False,2,90.57,342.27
8,19.88,93,0.96,False,False,2,87.22,254.08
9,19.88,92,1.22,False,False,2,128.48,124.77
10,19.88,80,0.67,False,False,2,121.66,0.01
11,19.88,71,0.55,False,False,2,40.02,2185.05
12,19.88,83,1.37,False,False,2,144.7,2039.51
13,19.88,75,1.19,False,False,2,34.22,2004.2
14,19.88,68,0.8,False,False,2,67.91,1935.34
15,19.88,103,0.72,False,False,2,54.86,1879.79
16,19.88,62,1.93,False,False,2,144.21,1734.85
17,19.88,69,0.88,False,False,2,110.86,1621.82
18,19.88,97,1.7,False,False,2,57.81,1563.01
19,19.88,64,0.71,False,False,2,122.29,1439.87
20,19.88,71,0.88,False,False,2,122.09,1316.73
21,19.88,81,0.87,False,False,2,112.02,1203.8
22,19.88,81,1.84,False,False,2,145.58,1057.33
1,20.25,88,1.22,False,False,2,56.22,0.01
2,20.25,82,1.66,False,False,2,42.38,2410.74
3,20.25,83,1.49,False,False,2,102.77,2307.22
4,20.25,99,1.3,False,False,2,33.89,2272.86
5,20.25,97,0.66,False,False,2,86.74,2184.13
6,20.25,79,1.96,False,False,2,104.7,2078.42
7,20.25,89,1.86,False,False,2,141.75,1935.96
8,20.25,95,1.54,False,False,2,44.05,1891.33
9,20.25,90,0.64,False,False,2,88.32,1800.97
10,20.25,78,1.02,False,False,2,66.5,1733.82
11,20.25,74,1.13,False,False,2,26.79,1705.22
12,20.25,80,0.62,False,False,2,59.58,1644.78
13,20.25,73,1.56,False,False,2,38.78,1605.13
14,20.25,67,0.65,False,False,2,48.28,1555.9
15,20.25,105,0.57,False,False,2,34.89,1520.08
16,20.25,60,1.94,False,False,2,97.44,1422.05
17,20.25,67,1.08,False,False,2,36.91,1383.36
18,20.25,98,1.16,False,False,2,82.23,1300.77
19,20.25,61,1.78,False,False,2,33.69,1265.47
20,20.25,74,1.86,False,False,2,73.75,1190.88
21,20.25,79,0.92,False,False,2,126.67,1063.53
22,20.25,83,0.7,False,False,2,29.66,1031.85
1,20.62,89,1.02,False,False,2,31.09,0.01
